<?xml version="1.0" encoding="UTF-8"?>
<project-private xmlns="http://www.netbeans.org/ns/project-private/1">
    <editor-bookmarks xmlns="http://www.netbeans.org/ns/editor-bookmarks/2" lastBookmarkId="0"/>
    <open-files xmlns="http://www.netbeans.org/ns/projectui-open-files/2">
        <group>
            <file>file:/C:/Users/kahma/OneDrive/Documents/NetBeansProjects/Assignment_2/web/computers.html</file>
            <file>file:/C:/Users/kahma/OneDrive/Documents/NetBeansProjects/Assignment_2/src/java/com/neu/edu/servlet/ReadCSV.java</file>
            <file>file:/C:/Users/kahma/OneDrive/Documents/NetBeansProjects/Assignment_2/web/books.html</file>
            <file>file:/C:/Users/kahma/OneDrive/Documents/NetBeansProjects/Assignment_2/src/java/com/neu/edu/servlet/MoviesDatabase.java</file>
            <file>file:/C:/Users/kahma/OneDrive/Documents/NetBeansProjects/Assignment_2/web/part8.html</file>
            <file>file:/C:/Users/kahma/OneDrive/Documents/NetBeansProjects/Assignment_2/src/java/com/neu/edu/servlet/AddtoCart.java</file>
            <file>file:/C:/Users/kahma/OneDrive/Documents/NetBeansProjects/Assignment_2/src/java/com/neu/edu/servlet/BooksDatabase.java</file>
            <file>file:/C:/Users/kahma/OneDrive/Documents/NetBeansProjects/Assignment_2/web/part5.jsp</file>
            <file>file:/C:/Users/kahma/OneDrive/Documents/NetBeansProjects/Assignment_2/web/music.html</file>
            <file>file:/C:/Users/kahma/OneDrive/Documents/NetBeansProjects/Assignment_2/web/search.jsp</file>
            <file>file:/C:/Users/kahma/OneDrive/Documents/NetBeansProjects/Assignment_2/src/java/com/neu/edu/pojo/BookDetails.java</file>
            <file>file:/C:/Users/kahma/OneDrive/Documents/NetBeansProjects/Assignment_2/web/WEB-INF/web.xml</file>
            <file>file:/C:/Users/kahma/OneDrive/Documents/NetBeansProjects/Assignment_2/web/add.jsp</file>
            <file>file:/C:/Users/kahma/OneDrive/Documents/NetBeansProjects/Assignment_2/web/home.jsp</file>
            <file>file:/C:/Users/kahma/OneDrive/Documents/NetBeansProjects/Assignment_2/web/index.html</file>
            <file>file:/C:/Users/kahma/OneDrive/Documents/NetBeansProjects/Assignment_2/web/part1.html</file>
            <file>file:/C:/Users/kahma/OneDrive/Documents/NetBeansProjects/Assignment_2/web/part6.jsp</file>
        </group>
    </open-files>
</project-private>
